<?xml version="1.0" encoding="UTF-8"?>

<beans xmlns="http://www.springframework.org/schema/beans"
	xmlns:context="http://www.springframework.org/schema/context"
	xmlns:xsi="http://www.w3.org/2001/XMLSchema-instance"
	xsi:schemaLocation="
 http://www.springframework.org/schema/beans
 http://www.springframework.org/schema/beans/spring-beans.xsd
 http://www.springframework.org/schema/context
 http://www.springframework.org/schema/context/spring-context.xsd">

	<bean
		class="org.springframework.beans.factory.config.PropertyPlaceholderConfigurer">
		<property name="locations" value="classpath:messages.properties" />
	</bean>

	<!-- <bean id = "helloWorldBean" class = "com.capgemini.trg.model.HelloWorld" 
		scope = "prototype"></bean> -->

	<bean id="messageBean" class="com.capgemini.trg.model.Message" >
		<property name="message1" value="${message1}" />
		<property name="message2" value="${message2}" />
		<property name="message3" value="${message3}" />
	</bean>

</beans>