<?xml version="1.0" encoding="UTF-8"?>

<beans xmlns="http://www.springframework.org/schema/beans"
 xmlns:context="http://www.springframework.org/schema/context"
 xmlns:xsi="http://www.w3.org/2001/XMLSchema-instance"
 xsi:schemaLocation="
 http://www.springframework.org/schema/beans
 http://www.springframework.org/schema/beans/spring-beans.xsd
 http://www.springframework.org/schema/context
 http://www.springframework.org/schema/context/spring-context.xsd">
 
 <bean id = "addressBean1" class ="com.capgemini.trg.model.Address">
 <constructor-arg index ="0" value = "3-3-145"/>
 <constructor-arg index ="1" value = "king Street"/>
<constructor-arg index ="2" value = "Hyderabad"/>
<constructor-arg index ="3" value = "50021"/>
 </bean>

 
  <bean id = "addressBean2" class ="com.capgemini.trg.model.Address">
 <property name="houseNumber" value ="3-3-143"></property>
  <property name ="street" value = "Queen street"></property>
  <property name ="city" value = "secunderabad"></property>
  <property name ="zipCode" value = "50023"></property>
  </bean>
 
<!-- wiring address bean to person bean -->
 <bean id= "personBean" class = "com.capgemini.trg.model.Person">
 <property name="adharNumber" value ="23568494993"></property>
 <property name="name" value ="priya"></property>
 <property name="residentialAddress" ref="addressBean1"></property>
 <property name="permanentAddress" ref = "addressBean2"></property>
 </bean>
 
 
 
 
 
 
 
 
 </beans>