<?xml version="1.0" encoding="UTF-8"?>
<beans xmlns="http://www.springframework.org/schema/beans"
 xmlns:context="http://www.springframework.org/schema/context"
 xmlns:xsi="http://www.w3.org/2001/XMLSchema-instance"
 xsi:schemaLocation="
 http://www.springframework.org/schema/beans
 http://www.springframework.org/schema/beans/spring-beans.xsd
 http://www.springframework.org/schema/context
 http://www.springframework.org/schema/context/spring-context.xsd">
 
 <bean id = "helloWorldBean" class = "com.capgemini.trg.model.HelloWorld"></bean>
 <!-- setter injection -->
 <bean id = "converterBean1" class = "com.capgemini.trg.model.CurrencyConverterImpl">
 <property name ="exchangeRate" value = "72.9"></property></bean>
 
  <!-- constructor  injection -->
 <bean id="converterBean2" class="com.capgemini.trg.model.CurrencyConverterImpl"> <constructor-arg name = "exchangeRate" value = "68.5"/>
<!--  <constructor-arg index="0" value ="68.5"></constructor-arg></bean> -->
<bean id = "countryBean" class = "com.capgemini.trg.model.Country">


<property name = "countryList">
<list><value>India</value>
      <value>Srilanka</value>
      <value>India</value>
      <value>USA</value>
  </list>
  
 <property name = "countrySet">
<set><value>India</value>
      <value>Srilanka</value>
      <value>India</value>
      <value>USA</value>
  </set> 
  </property>
  
  <property name = "countryMap">
<map>
     <entry key "India value = "New Delhi"/>
      <entry key "Srilanka value = " Colombo"/>
      <entry key "USA value = "Washington DC "/>
      <entry key "India value = "New Delhi"/>
  </map> 
  </property>
  
  </bean>
  
  
  
  
  
  
 </beans>